id,reading,reading_time,Fuel Volume (L)
1,23.02,11/20/2025 17:17,12.63
2,23.22,11/20/2025 17:17,12.46
3,23.22,11/20/2025 17:18,12.46
4,23.22,11/20/2025 17:18,12.46
5,23.22,11/20/2025 17:18,12.46
6,23.27,11/20/2025 17:19,12.42
7,23.29,11/20/2025 17:19,12.40
8,23.4,11/20/2025 17:19,12.31
9,23.43,11/20/2025 17:20,12.28
10,23.46,11/20/2025 17:20,12.26
11,23.46,11/20/2025 17:20,12.26
12,23.51,11/20/2025 17:20,12.21
13,23.62,11/20/2025 17:21,12.12
14,23.62,11/20/2025 17:21,12.12
15,23.62,11/20/2025 17:21,12.12
16,23.63,11/20/2025 17:22,12.11
17,23.63,11/20/2025 17:22,12.11
18,23.63,11/20/2025 17:22,12.11
19,23.65,11/20/2025 17:22,12.10
20,23.65,11/20/2025 17:23,12.10
21,23.67,11/20/2025 17:23,12.08
22,23.82,11/20/2025 17:23,11.95
23,23.82,11/20/2025 17:23,11.95
24,23.84,11/20/2025 17:24,11.93
25,23.84,11/20/2025 17:24,11.93
26,23.89,11/20/2025 17:24,11.89
27,24.03,11/20/2025 17:24,11.77
28,24.04,11/20/2025 17:25,11.76
29,24.04,11/20/2025 17:25,11.76
30,24.04,11/20/2025 17:25,11.76
31,24.27,11/20/2025 17:25,11.56
32,24.3,11/20/2025 17:26,11.54
33,24.3,11/20/2025 17:26,11.54
34,23.65,11/20/2025 17:26,12.10
35,24.44,11/20/2025 17:26,11.42
36,24.44,11/20/2025 17:27,11.42
37,24.66,11/20/2025 17:27,11.23
38,24.7,11/20/2025 17:27,11.20
39,24.7,11/20/2025 17:27,11.20
40,24.81,11/20/2025 17:28,11.10
41,24.94,11/20/2025 17:28,10.99
42,24.94,11/20/2025 17:28,10.99
43,24.94,11/20/2025 17:29,10.99
44,25.3,11/20/2025 17:29,10.68
45,25.3,11/20/2025 17:29,10.68
46,25.38,11/20/2025 17:29,10.61
47,25.38,11/20/2025 17:30,10.61
48,25.38,11/20/2025 17:30,10.61
49,25.38,11/20/2025 17:30,10.61
50,25.38,11/20/2025 17:30,10.61
51,25.38,11/20/2025 17:31,10.61
52,25.38,11/20/2025 17:31,10.61
53,25.38,11/20/2025 17:31,10.61
54,25.38,11/20/2025 17:32,10.61
55,25.38,11/20/2025 17:32,10.61
56,25.38,11/20/2025 17:32,10.61
57,25.38,11/20/2025 17:32,10.61
58,25.38,11/20/2025 17:33,10.61
59,25.38,11/20/2025 17:33,10.61
60,25.38,11/20/2025 17:33,10.61
61,25.38,11/20/2025 17:33,10.61
62,25.38,11/20/2025 17:34,10.61
63,25.38,11/20/2025 17:34,10.61
64,25.38,11/20/2025 17:34,10.61
65,25.38,11/20/2025 17:34,10.61
66,25.38,11/20/2025 17:35,10.61
67,25.38,11/20/2025 17:35,10.61
68,25.38,11/20/2025 17:35,10.61
69,25.38,11/20/2025 17:35,10.61
70,25.38,11/20/2025 17:36,10.61
71,25.38,11/20/2025 17:36,10.61
72,25.38,11/20/2025 17:36,10.61
73,25.38,11/20/2025 17:36,10.61
74,25.38,11/20/2025 17:37,10.61
75,25.38,11/20/2025 17:37,10.61
76,25.38,11/20/2025 17:37,10.61
77,25.38,11/20/2025 17:37,10.61
78,25.38,11/20/2025 17:38,10.61
79,25.38,11/20/2025 17:38,10.61
80,25.38,11/20/2025 17:38,10.61
81,25.38,11/20/2025 17:38,10.61
82,25.38,11/20/2025 17:39,10.61
83,25.38,11/20/2025 17:39,10.61
84,25.38,11/20/2025 17:39,10.61
85,25.38,11/20/2025 17:40,10.61
86,25.38,11/20/2025 17:40,10.61
87,25.38,11/20/2025 17:40,10.61
88,25.38,11/20/2025 17:40,10.61
89,25.38,11/20/2025 17:41,10.61
90,25.38,11/20/2025 17:41,10.61
91,25.38,11/20/2025 17:41,10.61
92,25.38,11/20/2025 17:41,10.61
93,25.38,11/20/2025 17:42,10.61
94,25.38,11/20/2025 17:42,10.61
95,25.38,11/20/2025 17:42,10.61
96,25.38,11/20/2025 17:42,10.61
97,25.38,11/20/2025 17:43,10.61
98,25.38,11/20/2025 17:43,10.61
99,25.38,11/20/2025 17:43,10.61
100,25.38,11/20/2025 17:43,10.61
101,25.38,11/20/2025 17:44,10.61
102,25.38,11/20/2025 17:44,10.61
103,25.38,11/20/2025 17:44,10.61
104,25.38,11/20/2025 17:44,10.61
105,25.38,11/20/2025 17:45,10.61
106,25.38,11/20/2025 17:45,10.61
107,25.4,11/20/2025 17:46,10.60
108,25.4,11/20/2025 17:46,10.60
109,25.4,11/20/2025 17:46,10.60
110,25.45,11/20/2025 17:46,10.55
111,25.45,11/20/2025 17:47,10.55
112,25.47,11/20/2025 17:47,10.54
113,25.47,11/20/2025 17:47,10.54
114,25.47,11/20/2025 17:48,10.54
115,25.47,11/20/2025 17:48,10.54
116,,11/20/2025 17:48,
117,,11/20/2025 17:48,
118,25.54,11/20/2025 17:49,10.48
119,25.54,11/20/2025 17:49,10.48
120,25.54,11/20/2025 17:49,10.48
121,25.54,11/20/2025 17:49,10.48
122,25.54,11/20/2025 17:50,10.48
123,25.54,11/20/2025 17:50,10.48
124,25.54,11/20/2025 17:50,10.48
125,25.54,11/20/2025 17:51,10.48
126,25.54,11/20/2025 17:51,10.48
127,25.54,11/20/2025 17:51,10.48
128,25.54,11/20/2025 17:51,10.48
129,25.54,11/20/2025 17:52,10.48
130,25.54,11/20/2025 17:52,10.48
131,25.54,11/20/2025 17:52,10.48
132,25.54,11/20/2025 17:52,10.48
133,25.54,11/20/2025 17:53,10.48
134,25.54,11/20/2025 17:53,10.48
135,25.54,11/20/2025 17:53,10.48
136,25.54,11/20/2025 17:53,10.48
137,25.54,11/20/2025 17:54,10.48
138,25.54,11/20/2025 17:54,10.48
139,25.54,11/20/2025 17:54,10.48
140,25.54,11/20/2025 17:54,10.48
141,25.54,11/20/2025 17:55,10.48
142,25.54,11/20/2025 17:55,10.48
143,25.54,11/20/2025 17:55,10.48
144,25.54,11/20/2025 17:55,10.48
145,25.54,11/20/2025 17:56,10.48
146,25.54,11/20/2025 17:56,10.48
147,25.57,11/20/2025 17:56,10.45
148,25.76,11/20/2025 17:56,10.29
149,25.78,11/20/2025 17:57,10.27
150,26.19,11/20/2025 17:57,9.92
151,26.39,11/20/2025 17:57,9.75
152,26.62,11/20/2025 17:57,9.55
153,26.82,11/20/2025 17:58,9.38
154,26.9,11/20/2025 17:58,9.31
155,27.05,11/20/2025 17:58,9.18
156,27.27,11/20/2025 17:58,9.00
157,27.3,11/20/2025 17:59,8.97
158,27.54,11/20/2025 17:59,8.76
159,27.56,11/20/2025 17:59,8.75
160,27.73,11/20/2025 17:59,8.60
161,27.94,11/20/2025 18:00,8.42
162,28.13,11/20/2025 18:00,8.26
163,28.42,11/20/2025 18:00,8.01
164,28.55,11/20/2025 18:00,7.90
165,28.59,11/20/2025 18:01,7.86
166,28.79,11/20/2025 18:01,7.69
167,29.02,11/20/2025 18:01,7.50
168,29.24,11/20/2025 18:01,7.31
169,29.4,11/20/2025 18:02,7.17
170,29.45,11/20/2025 18:02,7.13
171,29.72,11/20/2025 18:02,6.90
172,29.84,11/20/2025 18:02,6.79
173,30.05,11/20/2025 18:03,6.61
174,30.27,11/20/2025 18:03,6.43
175,30.29,11/20/2025 18:03,6.41
176,30.7,11/20/2025 18:04,6.06
177,30.9,11/20/2025 18:04,5.89
178,30.97,11/20/2025 18:04,5.83
179,30.97,11/20/2025 18:04,5.83
180,31.13,11/20/2025 18:05,5.69
181,31.4,11/20/2025 18:05,5.46
182,31.37,11/20/2025 18:05,5.48
183,31.76,11/20/2025 18:05,5.15
184,31.76,11/20/2025 18:06,5.15
185,31.76,11/20/2025 18:06,5.15
186,31.98,11/20/2025 18:06,4.96
187,32.19,11/20/2025 18:06,4.78
188,32.19,11/20/2025 18:07,4.78
189,32.22,11/20/2025 18:07,4.76
190,32.4,11/20/2025 18:07,4.60
191,32.45,11/20/2025 18:07,4.56
192,32.45,11/20/2025 18:08,4.56
193,32.62,11/20/2025 18:08,4.41
194,32.62,11/20/2025 18:08,4.41
195,32.64,11/20/2025 18:08,4.40
196,32.86,11/20/2025 18:09,4.21
197,32.89,11/20/2025 18:09,4.18
198,33.07,11/20/2025 18:09,4.03
199,33.07,11/20/2025 18:09,4.03
200,33.07,11/20/2025 18:10,4.03
201,31.33,11/20/2025 18:10,5.52
202,31.13,11/20/2025 18:10,5.69
203,30.58,11/20/2025 18:10,6.16
204,30.9,11/20/2025 18:11,5.89
205,31.33,11/20/2025 18:11,5.52
206,30.97,11/20/2025 18:11,5.83
207,29.17,11/20/2025 18:11,7.37
208,26.84,11/20/2025 18:12,9.36
209,26.41,11/20/2025 18:12,9.73
210,26.62,11/20/2025 18:12,9.55
211,26.22,11/20/2025 18:12,9.89
212,26.22,11/20/2025 18:13,9.89
213,26.22,11/20/2025 18:13,9.89
214,26.19,11/20/2025 18:13,9.92
215,26.38,11/20/2025 18:14,9.76
216,26.39,11/20/2025 18:14,9.75
217,26.19,11/20/2025 18:14,9.92
218,26.38,11/20/2025 18:15,9.76
219,26.39,11/20/2025 18:15,9.75
220,26.21,11/20/2025 18:15,9.90
221,26.19,11/20/2025 18:15,9.92
222,26.19,11/20/2025 18:16,9.92
223,26.41,11/20/2025 18:16,9.73
224,26.41,11/20/2025 18:16,9.73
225,26.41,11/20/2025 18:16,9.73
226,26.22,11/20/2025 18:17,9.89
227,26.24,11/20/2025 18:17,9.88
228,26.38,11/20/2025 18:17,9.76
229,26.38,11/20/2025 18:17,9.76
230,26.19,11/20/2025 18:18,9.92
231,26.41,11/20/2025 18:18,9.73
232,26.22,11/20/2025 18:18,9.89
233,30.73,11/21/2025 9:34,6.04
234,30.7,11/21/2025 9:34,6.06
235,30.94,11/21/2025 9:34,5.86
236,31.18,11/21/2025 9:35,5.65
237,31.33,11/21/2025 9:35,5.52
238,31.13,11/21/2025 9:35,5.69
239,31.33,11/21/2025 9:35,5.52
240,31.32,11/21/2025 9:36,5.53
241,31.33,11/21/2025 9:36,5.52
242,31.32,11/21/2025 9:36,5.53
243,31.33,11/21/2025 9:36,5.52
244,31.32,11/21/2025 9:37,5.53
245,31.33,11/21/2025 9:37,5.52
246,31.32,11/21/2025 9:37,5.53
247,31.33,11/21/2025 9:38,5.52
248,31.13,11/21/2025 9:38,5.69
249,31.33,11/21/2025 9:38,5.52
250,31.32,11/21/2025 9:38,5.53
251,31.33,11/21/2025 9:39,5.52
252,31.33,11/21/2025 9:39,5.52
253,31.13,11/21/2025 9:39,5.69
254,31.16,11/21/2025 9:39,5.67
255,31.16,11/21/2025 9:40,5.67
256,36.05,11/21/2025 9:40,1.48
257,37.35,11/21/2025 9:40,0.37
258,37.37,11/21/2025 9:40,0.35
259,37.7,11/21/2025 9:41,0.00
260,23.62,11/21/2025 10:28,12.13
261,23.82,11/21/2025 10:28,11.95
262,24.01,11/21/2025 10:29,11.79
263,23.07,11/21/2025 10:30,
264,23.62,11/21/2025 10:30,12.13
265,23.41,11/21/2025 10:31,12.31
266,23.02,11/21/2025 10:31,12.64
267,23.03,11/21/2025 10:31,12.63
268,23.22,11/21/2025 10:31,12.47
269,23.67,11/21/2025 10:32,12.08
270,23.82,11/21/2025 10:32,11.95
271,22.86,11/21/2025 10:32,12.78
272,23.82,11/21/2025 10:32,11.95
273,24.06,11/21/2025 10:33,11.75
274,24.01,11/21/2025 10:33,11.79
275,24.01,11/21/2025 10:33,11.79
276,23.41,11/21/2025 10:33,12.31
277,23.24,11/21/2025 10:34,12.45
278,24.01,11/21/2025 10:34,11.79
279,23.41,11/21/2025 10:34,12.31
280,23.41,11/21/2025 10:34,12.31
281,23.41,11/21/2025 10:35,12.31
282,23.41,11/21/2025 10:35,12.31
283,23.41,11/21/2025 10:35,12.31
284,23.41,11/21/2025 10:35,12.31
285,23.41,11/21/2025 10:36,12.31
286,23.41,11/21/2025 10:36,12.31
287,23.41,11/21/2025 10:36,12.31
288,23.41,11/21/2025 10:36,12.31
289,23.41,11/21/2025 10:37,12.31
290,23.41,11/21/2025 10:37,12.31
291,23.41,11/21/2025 10:37,12.31
292,23.41,11/21/2025 10:37,12.31
293,23.41,11/21/2025 10:38,12.31
294,23.41,11/21/2025 10:38,12.31
295,23.41,11/21/2025 10:38,12.31
296,23.41,11/21/2025 10:38,12.31
297,23.41,11/21/2025 10:39,12.31
298,23.41,11/21/2025 10:39,12.31
299,23.41,11/21/2025 10:39,12.31
300,23.41,11/21/2025 10:39,12.31
301,23.41,11/21/2025 10:40,12.31
302,23.41,11/21/2025 10:40,12.31
303,23.41,11/21/2025 10:40,12.31
304,23.41,11/21/2025 10:40,12.31
305,23.41,11/21/2025 10:41,12.31
306,23.41,11/21/2025 10:41,12.31
307,23.41,11/21/2025 10:41,12.31
308,23.41,11/21/2025 10:41,12.31
309,23.41,11/21/2025 10:42,12.31
310,23.41,11/21/2025 10:42,12.31
311,23.41,11/21/2025 10:42,12.31
312,23.41,11/21/2025 10:42,12.31
313,23.41,11/21/2025 10:43,12.31
314,23.41,11/21/2025 10:43,12.31
315,23.41,11/21/2025 10:43,12.31
316,23.41,11/21/2025 10:44,12.31
317,23.41,11/21/2025 10:44,12.31
318,23.41,11/21/2025 10:44,12.31
319,23.41,11/21/2025 10:44,12.31
320,23.41,11/21/2025 10:45,12.31
321,23.41,11/21/2025 10:45,12.31
322,23.41,11/21/2025 10:45,12.31
323,23.41,11/21/2025 10:45,12.31
324,23.41,11/21/2025 10:46,12.31
325,23.41,11/21/2025 10:46,12.31
326,23.41,11/21/2025 10:46,12.31
327,23.41,11/21/2025 10:46,12.31
328,23.41,11/21/2025 10:47,12.31
329,23.41,11/21/2025 10:47,12.31
330,23.41,11/21/2025 10:47,12.31
331,23.41,11/21/2025 10:48,12.31
332,23.41,11/21/2025 10:48,12.31
333,23.41,11/21/2025 10:48,12.31
334,23.41,11/21/2025 10:48,12.31
335,23.41,11/21/2025 10:49,12.31
336,23.41,11/21/2025 10:49,12.31
337,23.41,11/21/2025 10:49,12.31
338,23.41,11/21/2025 10:49,12.31
339,23.41,11/21/2025 10:50,12.31
340,23.41,11/21/2025 10:50,12.31
341,23.41,11/21/2025 10:50,12.31
342,23.62,11/21/2025 10:51,12.13
343,23.41,11/21/2025 10:51,12.31
344,23.62,11/21/2025 10:51,12.13
345,24.01,11/21/2025 10:51,11.79
346,23.08,11/21/2025 10:52,12.59
347,23.62,11/21/2025 10:52,12.13
348,23.02,11/21/2025 10:52,12.64
349,23.41,11/21/2025 10:52,12.31
350,23.41,11/21/2025 10:53,12.31
351,23.62,11/21/2025 10:53,12.13
352,23.44,11/21/2025 10:53,12.28
353,24.28,11/21/2025 10:53,11.56
354,24.08,11/21/2025 10:54,11.73
355,25.11,11/21/2025 10:54,10.85
356,25.33,11/21/2025 10:54,10.66
357,26.17,11/21/2025 10:54,9.94
358,26.48,11/21/2025 10:55,9.68
359,26.6,11/21/2025 10:55,9.57
360,27.11,11/21/2025 10:55,9.14
361,27.27,11/21/2025 10:55,9.00
362,27.3,11/21/2025 10:56,8.97
363,27.51,11/21/2025 10:56,8.79
364,27.7,11/21/2025 10:56,8.63
365,27.73,11/21/2025 10:57,8.61
366,27.89,11/21/2025 10:57,8.47
367,27.8,11/21/2025 10:57,8.55
368,28.11,11/21/2025 10:57,8.28
369,27.97,11/21/2025 10:58,8.40
370,28.33,11/21/2025 10:58,8.09
371,28.38,11/21/2025 10:58,8.05
372,28.38,11/21/2025 10:58,8.05
373,28.57,11/21/2025 10:59,7.89
374,28.59,11/21/2025 10:59,7.87
375,28.73,11/21/2025 10:59,7.75
376,28.76,11/21/2025 10:59,7.72
377,28.76,11/21/2025 11:00,7.72
378,28.76,11/21/2025 11:00,7.72
379,28.76,11/21/2025 11:01,7.72
380,28.76,11/21/2025 11:01,7.72
381,28.76,11/21/2025 11:01,7.72
382,28.76,11/21/2025 11:02,7.72
383,28.76,11/21/2025 11:02,7.72
384,28.76,11/21/2025 11:02,7.72
385,28.76,11/21/2025 11:02,7.72
386,28.76,11/21/2025 11:03,7.72
387,28.76,11/21/2025 11:03,7.72
388,28.76,11/21/2025 11:03,7.72
389,28.76,11/21/2025 11:04,7.72
390,28.76,11/21/2025 11:04,7.72
391,28.76,11/21/2025 11:04,7.72
392,28.76,11/21/2025 11:04,7.72
393,28.76,11/21/2025 11:05,7.72
394,28.76,11/21/2025 11:05,7.72
395,28.76,11/21/2025 11:05,7.72
396,28.76,11/21/2025 11:05,7.72
397,28.76,11/21/2025 11:06,7.72
398,28.76,11/21/2025 11:06,7.72
399,28.76,11/21/2025 11:06,7.72
400,28.76,11/21/2025 11:06,7.72
401,28.76,11/21/2025 11:07,7.72
402,28.76,11/21/2025 11:07,7.72
403,28.76,11/21/2025 11:07,7.72
404,28.76,11/21/2025 11:08,7.72
405,28.76,11/21/2025 11:08,7.72
406,28.76,11/21/2025 11:08,7.72
407,28.76,11/21/2025 11:08,7.72
408,28.76,11/21/2025 11:09,7.72
409,28.76,11/21/2025 11:09,7.72
410,28.76,11/21/2025 11:09,7.72
411,28.76,11/21/2025 11:09,7.72
412,28.76,11/21/2025 11:10,7.72
413,28.76,11/21/2025 11:10,7.72
414,28.76,11/21/2025 11:10,7.72
415,28.76,11/21/2025 11:10,7.72
416,28.76,11/21/2025 11:11,7.72
417,28.76,11/21/2025 11:11,7.72
418,28.76,11/21/2025 11:11,7.72
419,28.76,11/21/2025 11:12,7.72
420,28.76,11/21/2025 11:12,7.72
421,28.76,11/21/2025 11:12,7.72
422,28.76,11/21/2025 11:13,7.72
423,28.76,11/21/2025 11:13,7.72
424,28.76,11/21/2025 11:13,7.72
425,28.76,11/21/2025 11:14,7.72
426,28.76,11/21/2025 11:14,7.72
427,28.76,11/21/2025 11:14,7.72
428,28.76,11/21/2025 11:14,7.72
429,28.76,11/21/2025 11:15,7.72
430,28.76,11/21/2025 11:15,7.72
431,28.76,11/21/2025 11:16,7.72
432,28.76,11/21/2025 11:16,7.72
433,28.76,11/21/2025 11:16,7.72
434,28.76,11/21/2025 11:17,7.72
435,28.76,11/21/2025 11:17,7.72
436,28.76,11/21/2025 11:17,7.72
437,28.76,11/21/2025 11:18,7.72
438,28.76,11/21/2025 11:18,7.72
439,28.76,11/21/2025 11:18,7.72
440,28.76,11/21/2025 11:18,7.72
441,28.76,11/21/2025 11:19,7.72
442,28.76,11/21/2025 11:19,7.72
443,28.76,11/21/2025 11:19,7.72
444,28.76,11/21/2025 11:19,7.72
445,28.76,11/21/2025 11:20,7.72
446,28.76,11/21/2025 11:20,7.72
447,28.76,11/21/2025 11:20,7.72
448,28.76,11/21/2025 11:20,7.72
449,28.76,11/21/2025 11:21,7.72
450,28.76,11/21/2025 11:21,7.72
451,28.76,11/21/2025 11:22,7.72
452,28.76,11/21/2025 11:22,7.72
453,28.76,11/21/2025 11:22,7.72
454,28.76,11/21/2025 11:23,7.72
455,28.76,11/21/2025 11:23,7.72
456,28.76,11/21/2025 11:23,7.72
457,28.76,11/21/2025 11:24,7.72
458,28.76,11/21/2025 11:24,7.72
459,28.76,11/21/2025 11:24,7.72
460,28.76,11/21/2025 11:24,7.72
461,28.76,11/21/2025 11:25,7.72
462,28.76,11/21/2025 11:25,7.72
463,28.76,11/21/2025 11:25,7.72
464,28.76,11/21/2025 11:26,7.72
465,28.76,11/21/2025 11:26,7.72
466,28.76,11/21/2025 11:26,7.72
467,28.76,11/21/2025 11:26,7.72
468,28.76,11/21/2025 11:27,7.72
469,28.76,11/21/2025 11:27,7.72
470,28.76,11/21/2025 11:27,7.72
471,28.76,11/21/2025 11:27,7.72
472,28.76,11/21/2025 11:28,7.72
473,28.76,11/21/2025 11:28,7.72
474,28.76,11/21/2025 11:28,7.72
475,28.76,11/21/2025 11:29,7.72
476,28.76,11/21/2025 11:29,7.72
477,28.76,11/21/2025 11:29,7.72
478,28.76,11/21/2025 11:30,7.72
479,28.76,11/21/2025 11:30,7.72
480,28.76,11/21/2025 11:30,7.72
481,28.76,11/21/2025 11:30,7.72
482,28.76,11/21/2025 11:31,7.72
483,28.76,11/21/2025 11:31,7.72
484,28.76,11/21/2025 11:31,7.72
485,28.76,11/21/2025 11:31,7.72
486,28.76,11/21/2025 11:32,7.72
487,28.76,11/21/2025 11:32,7.72
488,28.76,11/21/2025 11:32,7.72
489,28.76,11/21/2025 11:33,7.72
490,28.76,11/21/2025 11:33,7.72
491,28.76,11/21/2025 11:33,7.72
492,28.76,11/21/2025 11:33,7.72
493,28.76,11/21/2025 11:34,7.72
494,28.76,11/21/2025 11:34,7.72
495,28.76,11/21/2025 11:34,7.72
496,28.76,11/21/2025 11:34,7.72
497,28.76,11/21/2025 11:35,7.72
498,28.76,11/21/2025 11:35,7.72
499,28.76,11/21/2025 11:35,7.72
500,28.76,11/21/2025 11:36,7.72
501,28.76,11/21/2025 11:36,7.72
502,28.76,11/21/2025 11:37,7.72
503,28.76,11/21/2025 11:37,7.72
504,28.76,11/21/2025 11:37,7.72
505,28.76,11/21/2025 11:37,7.72
506,28.76,11/21/2025 11:38,7.72
507,28.76,11/21/2025 11:38,7.72
508,28.76,11/21/2025 11:38,7.72
509,28.76,11/21/2025 11:39,7.72
510,28.76,11/21/2025 11:39,7.72
511,28.76,11/21/2025 11:39,7.72
512,28.76,11/21/2025 11:40,7.72
513,28.76,11/21/2025 11:40,7.72
514,28.76,11/21/2025 11:40,7.72
515,28.76,11/21/2025 11:40,7.72
516,28.76,11/21/2025 11:41,7.72
517,28.76,11/21/2025 11:41,7.72
518,28.76,11/21/2025 11:41,7.72
519,28.76,11/21/2025 11:41,7.72
520,28.76,11/21/2025 11:42,7.72
521,28.76,11/21/2025 11:42,7.72
522,28.76,11/21/2025 11:42,7.72
523,28.76,11/21/2025 11:42,7.72
524,28.76,11/21/2025 11:43,7.72
525,28.76,11/21/2025 11:43,7.72
526,28.76,11/21/2025 11:43,7.72
527,28.76,11/21/2025 11:44,7.72
528,28.76,11/21/2025 11:44,7.72
529,28.76,11/21/2025 11:44,7.72
530,28.76,11/21/2025 11:45,7.72
531,28.76,11/21/2025 11:45,7.72
532,28.76,11/21/2025 11:45,7.72
533,28.76,11/21/2025 11:45,7.72
534,28.76,11/21/2025 11:46,7.72
535,28.76,11/21/2025 11:46,7.72
536,28.76,11/21/2025 11:46,7.72
537,28.76,11/21/2025 11:47,7.72
538,28.76,11/21/2025 11:47,7.72
539,28.76,11/21/2025 11:47,7.72
540,28.76,11/21/2025 11:48,7.72
541,28.76,11/21/2025 11:48,7.72
542,28.76,11/21/2025 11:48,7.72
543,28.76,11/21/2025 11:49,7.72
544,28.76,11/21/2025 11:49,7.72
545,28.76,11/21/2025 11:49,7.72
546,28.76,11/21/2025 11:49,7.72
547,28.76,11/21/2025 11:50,7.72
548,28.76,11/21/2025 11:50,7.72
549,28.76,11/21/2025 11:50,7.72
550,28.76,11/21/2025 11:50,7.72
551,28.76,11/21/2025 11:51,7.72
552,28.76,11/21/2025 11:51,7.72
553,28.76,11/21/2025 11:51,7.72
554,28.76,11/21/2025 11:51,7.72
555,28.76,11/21/2025 11:52,7.72
556,28.76,11/21/2025 11:52,7.72
557,28.76,11/21/2025 11:52,7.72
558,28.76,11/21/2025 11:52,7.72
559,28.76,11/21/2025 11:53,7.72
560,28.76,11/21/2025 11:53,7.72
561,28.76,11/21/2025 11:53,7.72
562,28.76,11/21/2025 11:53,7.72
563,28.76,11/21/2025 11:54,7.72
564,28.76,11/21/2025 11:54,7.72
565,28.76,11/21/2025 11:54,7.72
566,28.76,11/21/2025 11:55,7.72
567,28.76,11/21/2025 11:55,7.72
568,28.76,11/21/2025 11:55,7.72
569,28.76,11/21/2025 11:55,7.72
570,28.76,11/21/2025 11:56,7.72
571,28.76,11/21/2025 11:56,7.72
572,28.76,11/21/2025 11:56,7.72
573,28.76,11/21/2025 11:56,7.72
574,28.76,11/21/2025 11:57,7.72
575,28.76,11/21/2025 11:57,7.72
576,28.76,11/21/2025 11:58,7.72
577,28.76,11/21/2025 11:58,7.72
578,28.76,11/21/2025 11:58,7.72
579,28.76,11/21/2025 11:58,7.72
580,28.76,11/21/2025 11:59,7.72
581,28.76,11/21/2025 11:59,7.72
582,28.76,11/21/2025 11:59,7.72
583,28.76,11/21/2025 11:59,7.72
584,28.76,11/21/2025 12:00,7.72
585,28.76,11/21/2025 12:00,7.72
586,28.76,11/21/2025 12:00,7.72
587,28.76,11/21/2025 12:00,7.72
588,28.76,11/21/2025 12:01,7.72
589,28.76,11/21/2025 12:01,7.72
590,28.76,11/21/2025 12:01,7.72
591,28.76,11/21/2025 12:02,7.72
592,28.76,11/21/2025 12:02,7.72
593,28.76,11/21/2025 12:02,7.72
594,28.76,11/21/2025 12:02,7.72
595,28.76,11/21/2025 12:03,7.72
596,28.76,11/21/2025 12:03,7.72
597,28.76,11/21/2025 12:03,7.72
598,28.76,11/21/2025 12:03,7.72
599,28.76,11/21/2025 12:04,7.72
600,28.76,11/21/2025 12:04,7.72
601,28.76,11/21/2025 12:04,7.72
602,28.76,11/21/2025 12:04,7.72
603,28.76,11/21/2025 12:05,7.72
604,28.76,11/21/2025 12:05,7.72
605,28.76,11/21/2025 12:05,7.72
606,28.76,11/21/2025 12:05,7.72
607,28.76,11/21/2025 12:06,7.72
608,28.76,11/21/2025 12:06,7.72
609,28.76,11/21/2025 12:06,7.72
610,28.76,11/21/2025 12:06,7.72
611,28.76,11/21/2025 12:07,7.72
612,28.76,11/21/2025 12:07,7.72
613,28.76,11/21/2025 12:07,7.72
614,28.76,11/21/2025 12:08,7.72
615,28.76,11/21/2025 12:30,7.72
616,28.76,11/21/2025 12:30,7.72
617,28.76,11/21/2025 12:30,7.72
618,28.76,11/21/2025 12:30,7.72
619,28.76,11/21/2025 12:30,7.72
620,28.76,11/21/2025 12:30,7.72
621,28.76,11/21/2025 12:30,7.72
622,28.76,11/21/2025 12:30,7.72
623,28.76,11/21/2025 12:30,7.72
624,28.76,11/21/2025 12:30,7.72
625,28.76,11/21/2025 12:30,7.72
626,28.76,11/21/2025 12:30,7.72
627,28.76,11/21/2025 12:30,7.72
628,28.76,11/21/2025 12:30,7.72
629,28.76,11/21/2025 12:30,7.72
630,28.76,11/21/2025 12:30,7.72
631,28.76,11/21/2025 12:30,7.72
632,28.76,11/21/2025 12:30,7.72
633,28.76,11/21/2025 12:30,7.72
634,28.76,11/21/2025 12:30,7.72
635,28.76,11/21/2025 12:30,7.72
636,28.76,11/21/2025 12:30,7.72
637,28.76,11/21/2025 12:30,7.72
638,28.76,11/21/2025 12:30,7.72
639,28.76,11/21/2025 12:30,7.72
640,28.76,11/21/2025 12:30,7.72
641,28.76,11/21/2025 12:30,7.72
642,28.76,11/21/2025 12:30,7.72
643,28.76,11/21/2025 12:30,7.72
644,28.76,11/21/2025 12:30,7.72
645,28.76,11/21/2025 12:30,7.72
646,28.76,11/21/2025 12:30,7.72
647,28.76,11/21/2025 12:30,7.72
648,28.76,11/21/2025 12:30,7.72
649,28.76,11/21/2025 12:30,7.72
650,28.76,11/21/2025 12:30,7.72
651,28.76,11/21/2025 12:30,7.72
652,28.76,11/21/2025 12:30,7.72
653,28.76,11/21/2025 12:30,7.72
654,28.76,11/21/2025 12:30,7.72
655,28.76,11/21/2025 12:30,7.72
656,28.76,11/21/2025 12:30,7.72
657,28.76,11/21/2025 12:30,7.72
658,28.76,11/21/2025 12:30,7.72
659,28.76,11/21/2025 12:30,7.72
660,28.76,11/21/2025 12:30,7.72
661,28.76,11/21/2025 12:30,7.72
662,28.76,11/21/2025 12:30,7.72
663,28.76,11/21/2025 12:30,7.72
664,28.76,11/21/2025 12:30,7.72
665,28.76,11/21/2025 12:30,7.72
666,28.76,11/21/2025 12:30,7.72
667,28.76,11/21/2025 12:30,7.72
668,28.76,11/21/2025 12:30,7.72
669,28.76,11/21/2025 12:30,7.72
670,28.76,11/21/2025 12:30,7.72
671,28.76,11/21/2025 12:30,7.72
672,28.76,11/21/2025 12:30,7.72
673,28.76,11/21/2025 12:30,7.72
674,28.76,11/21/2025 12:30,7.72
675,29.21,11/21/2025 14:28,7.34
676,29.46,11/21/2025 14:28,7.12
677,29.89,11/21/2025 14:28,6.76
678,30.54,11/21/2025 14:29,6.20
679,30.94,11/21/2025 14:29,5.86
680,31.37,11/21/2025 14:29,5.49
681,31.74,11/21/2025 14:30,5.17
682,31.97,11/21/2025 14:30,4.98
683,32.4,11/21/2025 14:30,4.61
684,32.45,11/21/2025 14:30,4.56
685,33.05,11/21/2025 14:31,4.05
686,33.24,11/21/2025 14:31,3.89
687,33.73,11/21/2025 14:31,3.47
688,34.09,11/21/2025 14:32,3.16
689,34.39,11/21/2025 14:32,2.90
690,34.4,11/21/2025 14:32,2.89
691,34.81,11/21/2025 14:32,2.54
692,35.17,11/21/2025 14:33,2.24
693,35.41,11/21/2025 14:33,2.03
694,35.62,11/21/2025 14:33,1.85
695,35.81,11/21/2025 14:34,1.69
696,36.05,11/21/2025 14:34,1.48
697,36.7,11/21/2025 14:34,0.92
698,37.13,11/21/2025 14:34,0.56
699,37.15,11/21/2025 14:35,0.54
700,37.35,11/21/2025 14:35,0.37
701,37.54,11/21/2025 14:35,0.21
702,37.75,11/21/2025 14:35,0.03
703,37.78,11/21/2025 14:36,0.00
704,24.08,11/22/2025 12:09,11.73
705,24.1,11/22/2025 12:09,11.71
706,23.92,11/22/2025 12:09,11.86
707,24.71,11/22/2025 12:10,11.19
708,24.68,11/22/2025 12:10,11.21
709,25.33,11/22/2025 12:10,10.66
710,25.55,11/22/2025 12:10,10.47
711,25.78,11/22/2025 12:11,10.27
712,25.73,11/22/2025 12:11,10.31
713,26.24,11/22/2025 12:11,9.88
714,26.19,11/22/2025 12:12,9.92
715,26.65,11/22/2025 12:12,9.53
716,26.84,11/22/2025 12:12,9.36
717,27.46,11/22/2025 12:13,8.83
718,27.44,11/22/2025 12:13,8.85
719,27.9,11/22/2025 12:13,8.46
720,27.89,11/22/2025 12:13,8.46
721,27.73,11/22/2025 12:14,8.60
722,28.33,11/22/2025 12:14,8.09
723,28.18,11/22/2025 12:14,8.22
724,28.73,11/22/2025 12:14,7.75
725,28.76,11/22/2025 12:15,7.72
726,29.4,11/22/2025 12:15,7.18
727,29.19,11/22/2025 12:15,7.36
728,29.62,11/22/2025 12:16,6.99
729,29.45,11/22/2025 12:16,7.13
730,30.08,11/22/2025 12:16,6.59
731,30.05,11/22/2025 12:16,6.62
732,30.32,11/22/2025 12:17,6.39
733,30.48,11/22/2025 12:17,6.25
734,30.73,11/22/2025 12:17,6.04
735,31.11,11/22/2025 12:17,5.71
736,30.92,11/22/2025 12:18,5.87
737,31.33,11/22/2025 12:18,5.52
738,31.33,11/22/2025 12:18,5.52
739,31.76,11/22/2025 12:18,5.16
740,31.97,11/22/2025 12:19,4.98
741,31.61,11/22/2025 12:19,5.28
742,32.22,11/22/2025 12:19,4.76
743,32.21,11/22/2025 12:20,4.77
744,32.64,11/22/2025 12:20,4.40
745,32.88,11/22/2025 12:20,4.20
746,32.65,11/22/2025 12:20,4.39
747,33.25,11/22/2025 12:21,3.88
748,33.12,11/22/2025 12:21,3.99
749,33.1,11/22/2025 12:21,4.01
750,33.51,11/22/2025 12:21,3.66
751,33.77,11/22/2025 12:22,3.43
752,33.73,11/22/2025 12:22,3.47
753,34.11,11/22/2025 12:22,3.14
754,33.96,11/22/2025 12:22,3.27
755,34.32,11/22/2025 12:23,2.96
756,34.35,11/22/2025 12:23,2.94
757,34.54,11/22/2025 12:23,2.77
758,34.78,11/22/2025 12:23,2.57
759,34.83,11/22/2025 12:24,2.53
760,34.97,11/22/2025 12:24,2.41
761,35.19,11/22/2025 12:24,2.22
762,35.17,11/22/2025 12:24,2.24
763,35.41,11/22/2025 12:25,2.03
764,35.41,11/22/2025 12:25,2.03
765,35.41,11/22/2025 12:25,2.03
766,36.12,11/22/2025 12:25,1.42
767,35.83,11/22/2025 12:26,1.67
768,35.89,11/22/2025 12:26,1.62
769,36.01,11/22/2025 12:26,1.52
770,36.56,11/22/2025 12:26,1.04
771,36.74,11/22/2025 12:27,0.89
772,36.72,11/22/2025 12:27,0.91
773,36.96,11/22/2025 12:27,0.70
774,36.98,11/22/2025 12:28,0.69
775,37.13,11/22/2025 12:28,0.56
776,37.32,11/22/2025 12:28,0.39
777,37.37,11/22/2025 12:28,0.35
778,37.56,11/22/2025 12:29,0.19
779,37.4,11/22/2025 12:29,0.33
780,37.73,11/22/2025 12:29,0.04
781,37.76,11/22/2025 12:29,0.02
782,37.7,11/22/2025 12:30,0.00
783,23.62,11/22/2025 17:25,12.12
784,23.62,11/22/2025 17:25,12.12
785,23.62,11/22/2025 17:25,12.13
786,23.84,11/22/2025 17:25,11.94
787,23.84,11/22/2025 17:26,11.94
788,23.24,11/22/2025 17:26,12.45
789,23.91,11/22/2025 17:26,11.88
790,24.3,11/22/2025 17:27,11.54
791,24.51,11/22/2025 17:27,11.36
792,25.33,11/22/2025 17:27,10.66
793,25.55,11/22/2025 17:28,10.47
794,25.59,11/22/2025 17:28,10.44
795,25.78,11/22/2025 17:28,10.28
796,25.98,11/22/2025 17:28,10.10
797,26.48,11/22/2025 17:29,9.68
798,26.41,11/22/2025 17:29,9.74
799,27.03,11/22/2025 17:29,9.21
800,27.27,11/22/2025 17:29,9.00
801,27.46,11/22/2025 17:30,8.84
802,27.71,11/22/2025 17:30,8.62
803,27.77,11/22/2025 17:30,8.57
804,27.99,11/22/2025 17:30,8.38
805,28.21,11/22/2025 17:31,8.20
806,28.57,11/22/2025 17:31,7.89
807,28.66,11/22/2025 17:31,7.81
808,29.19,11/22/2025 17:32,7.36
809,29.41,11/22/2025 17:43,7.17
810,29.62,11/22/2025 17:43,6.99
811,30.05,11/22/2025 17:43,6.62
812,30.48,11/22/2025 17:43,6.25
813,30.94,11/22/2025 17:43,5.86
814,30.97,11/22/2025 17:43,5.83
815,31.4,11/22/2025 17:43,5.46
816,31.8,11/22/2025 17:43,5.12
817,32.19,11/22/2025 17:43,4.79
818,32.24,11/22/2025 17:43,4.74
819,32.41,11/22/2025 17:43,4.60
820,32.64,11/22/2025 17:43,4.40
821,32.84,11/22/2025 17:43,4.23
822,33.25,11/22/2025 17:43,3.88
823,33.51,11/22/2025 17:43,3.66
824,33.72,11/22/2025 17:43,3.48
825,33.96,11/22/2025 17:43,3.27
826,34.18,11/22/2025 17:43,3.08
827,34.35,11/22/2025 17:43,2.94
828,34.76,11/22/2025 17:43,2.59
829,34.99,11/22/2025 17:43,2.39
830,35.23,11/22/2025 17:43,2.18
831,35.41,11/22/2025 17:43,2.03
832,35.81,11/22/2025 17:43,1.69
833,36.03,11/22/2025 17:43,1.50
834,36.92,11/22/2025 17:43,0.74
835,37.16,11/22/2025 17:43,0.53
836,37.03,11/22/2025 17:43,0.64
837,37.54,11/22/2025 17:43,0.21
838,36.75,11/22/2025 17:43,0.88
839,37.56,11/22/2025 17:44,0.19
840,37.7,11/22/2025 17:44,0.00
841,23.24,11/23/2025 20:20,12.45
842,23.62,11/23/2025 20:20,12.12
843,23.62,11/23/2025 20:20,12.12
844,23.62,11/23/2025 20:20,12.13
845,23.84,11/23/2025 20:20,11.94
846,23.84,11/23/2025 20:20,11.94
847,23.91,11/23/2025 20:21,11.88
848,24.3,11/23/2025 20:21,11.54
849,24.51,11/23/2025 20:21,11.36
850,25.33,11/23/2025 20:22,10.66
851,25.55,11/23/2025 20:22,10.47
852,25.59,11/23/2025 20:22,10.44
853,25.78,11/23/2025 20:23,10.28
854,25.98,11/23/2025 20:23,10.10
855,26.41,11/23/2025 20:23,9.74
856,26.48,11/23/2025 20:24,9.68
857,26.81,11/23/2025 20:24,9.39
858,26.84,11/23/2025 20:24,9.37
859,26.87,11/23/2025 20:25,9.34
860,27.27,11/23/2025 20:25,9.00
861,27.53,11/23/2025 20:25,8.78
862,27.94,11/23/2025 20:25,8.43
863,28.01,11/23/2025 20:26,8.37
864,28.4,11/23/2025 20:26,8.03
865,28.74,11/23/2025 20:26,7.74
866,28.76,11/23/2025 20:27,7.72
867,29.17,11/23/2025 20:27,7.37
868,29.4,11/23/2025 20:27,7.18
869,29.6,11/23/2025 20:27,7.00
870,29.62,11/23/2025 20:28,6.99
871,30.05,11/23/2025 20:28,6.62
872,30.1,11/23/2025 20:28,6.58
873,30.3,11/23/2025 20:28,6.41
874,30.66,11/23/2025 20:29,6.10
875,30.7,11/23/2025 20:29,6.06
876,30.97,11/23/2025 20:29,5.83
877,31.13,11/23/2025 20:30,5.69
878,31.59,11/23/2025 20:30,5.30
879,31.76,11/23/2025 20:30,5.16
880,31.98,11/23/2025 20:30,4.97
881,32.22,11/23/2025 20:31,4.76
882,32.64,11/23/2025 20:31,4.40
883,32.71,11/23/2025 20:32,4.34
884,32.89,11/23/2025 20:32,4.19
885,33.25,11/23/2025 20:32,3.88
886,33.25,11/23/2025 20:32,3.88
887,33.58,11/23/2025 20:33,3.60
888,33.7,11/23/2025 20:33,3.49
889,36.08,11/23/2025 20:36,1.46
890,36.32,11/23/2025 20:37,1.25
891,36.48,11/23/2025 20:37,1.11
892,36.72,11/23/2025 20:37,0.90
893,36.91,11/23/2025 20:38,0.74
894,37.13,11/23/2025 20:38,0.55
895,37.16,11/23/2025 20:38,0.53
896,37.37,11/23/2025 20:38,0.35
897,37.59,11/23/2025 20:39,0.16
898,37.73,11/23/2025 20:39,0.04
899,37.78,11/23/2025 20:40,0.00
900,37.78,11/23/2025 20:40,0.00
901,37.78,11/23/2025 20:40,0.00
902,23.02,11/24/2025 10:30,12.63
903,23.22,11/24/2025 10:31,12.46
904,23.22,11/24/2025 10:31,12.46
905,23.22,11/24/2025 10:31,12.46
906,23.22,11/24/2025 10:31,12.46
907,23.27,11/24/2025 10:32,12.42
908,23.29,11/24/2025 10:32,12.40
909,23.4,11/24/2025 10:32,12.31
910,23.43,11/24/2025 10:32,12.28
899,23.46,11/24/2025 10:33,12.26
900,23.46,11/24/2025 10:33,12.26
901,23.51,11/24/2025 10:33,12.21
902,23.62,11/24/2025 10:33,12.12
903,23.62,11/24/2025 10:34,12.12
904,23.62,11/24/2025 10:34,12.12
905,23.63,11/24/2025 10:34,12.11
906,23.63,11/24/2025 10:34,12.11
907,23.63,11/24/2025 10:35,12.11
908,23.65,11/24/2025 10:35,12.10
909,23.65,11/24/2025 10:35,12.10
910,23.67,11/24/2025 10:35,12.08
899,23.82,11/24/2025 10:36,11.95
900,23.82,11/24/2025 10:36,11.95
901,23.84,11/24/2025 10:36,11.93
902,23.84,11/24/2025 10:36,11.93
903,23.89,11/24/2025 10:37,11.89
904,24.03,11/24/2025 10:37,11.77
905,24.04,11/24/2025 10:37,11.76
906,24.04,11/24/2025 10:37,11.76
907,24.04,11/24/2025 10:38,11.76
908,24.27,11/24/2025 10:38,11.56
909,24.3,11/24/2025 10:38,11.54
910,24.3,11/24/2025 10:38,11.54
911,23.65,11/24/2025 10:39,12.10
912,24.44,11/24/2025 10:39,11.42
913,24.44,11/24/2025 10:39,11.42
914,24.66,11/24/2025 10:39,11.23
915,24.7,11/24/2025 10:40,11.20
916,24.7,11/24/2025 10:40,11.20
917,24.81,11/24/2025 10:40,11.10
918,24.94,11/24/2025 10:40,10.99
919,24.94,11/24/2025 10:41,10.99
920,24.94,11/24/2025 10:41,10.99
921,25.3,11/24/2025 10:41,10.68
922,25.3,11/24/2025 10:41,10.68
923,25.38,11/24/2025 10:42,10.61
924,25.38,11/24/2025 10:42,10.61
925,25.38,11/24/2025 10:42,10.61
926,25.38,11/24/2025 10:42,10.61
927,25.38,11/24/2025 10:43,10.61
928,25.38,11/24/2025 10:43,10.61
929,25.38,11/24/2025 10:43,10.61
930,25.38,11/24/2025 10:43,10.61
931,25.38,11/24/2025 10:44,10.61
932,25.38,11/24/2025 10:44,10.61
933,25.38,11/24/2025 10:44,10.61
934,25.38,11/24/2025 10:44,10.61
935,25.38,11/24/2025 10:45,10.61
936,25.38,11/24/2025 10:45,10.61
937,25.38,11/24/2025 10:45,10.61
938,25.38,11/24/2025 10:45,10.61
939,25.38,11/24/2025 10:46,10.61
940,25.38,11/24/2025 10:46,10.61
941,25.38,11/24/2025 10:46,10.61
942,25.38,11/24/2025 10:46,10.61
943,25.38,11/24/2025 10:47,10.61
944,25.38,11/24/2025 10:47,10.61
945,25.38,11/24/2025 10:47,10.61
946,25.38,11/24/2025 10:47,10.61
947,25.38,11/24/2025 10:48,10.61
948,25.38,11/24/2025 10:48,10.61
949,25.38,11/24/2025 10:48,10.61
950,25.38,11/24/2025 10:48,10.61
951,25.38,11/24/2025 10:49,10.61
952,25.38,11/24/2025 10:49,10.61
953,25.38,11/24/2025 10:49,10.61
954,25.38,11/24/2025 10:49,10.61
955,25.38,11/24/2025 10:50,10.61
956,25.38,11/24/2025 10:50,10.61
957,25.38,11/24/2025 10:50,10.61
958,25.38,11/24/2025 10:50,10.61
959,25.38,11/24/2025 10:51,10.61
960,25.38,11/24/2025 10:51,10.61
961,25.38,11/24/2025 10:51,10.61
962,25.38,11/24/2025 10:51,10.61
963,25.38,11/24/2025 10:52,10.61
964,25.38,11/24/2025 10:52,10.61
965,25.38,11/24/2025 10:52,10.61
966,25.38,11/24/2025 10:52,10.61
967,25.38,11/24/2025 10:53,10.61
968,25.38,11/24/2025 10:53,10.61
969,25.38,11/24/2025 10:53,10.61
970,25.38,11/24/2025 10:53,10.61
971,25.38,11/24/2025 10:54,10.61
972,25.38,11/24/2025 10:54,10.61
973,25.38,11/24/2025 10:54,10.61
974,25.38,11/24/2025 10:54,10.61
975,25.38,11/24/2025 10:55,10.61
976,25.38,11/24/2025 10:55,10.61
977,25.38,11/24/2025 10:55,10.61
978,25.38,11/24/2025 10:55,10.61
979,25.38,11/24/2025 10:56,10.61
980,25.38,11/24/2025 10:56,10.61
981,25.38,11/24/2025 10:56,10.61
982,25.38,11/24/2025 10:56,10.61
983,25.38,11/24/2025 10:57,10.61
984,25.4,11/24/2025 10:57,10.60
985,25.4,11/24/2025 10:57,10.60
986,25.4,11/24/2025 10:57,10.60
987,25.45,11/24/2025 10:58,10.55
988,25.45,11/24/2025 10:58,10.55
989,25.47,11/24/2025 10:58,10.54
990,25.47,11/24/2025 10:58,10.54
991,25.47,11/24/2025 10:59,10.54
992,25.47,11/24/2025 10:59,10.54
993,25.47,11/24/2025 10:59,10.54
994,25.47,11/24/2025 10:59,10.54
995,25.54,11/24/2025 11:00,10.48
996,25.54,11/24/2025 11:00,10.48
997,25.54,11/24/2025 11:00,10.48
998,25.54,11/24/2025 11:00,10.48
999,25.54,11/24/2025 11:01,10.48
1000,25.54,11/24/2025 11:01,10.48
1001,25.54,11/24/2025 11:01,10.48
1002,25.54,11/24/2025 11:01,10.48
1003,25.54,11/24/2025 11:02,10.48
1004,25.54,11/24/2025 11:02,10.48
1005,25.54,11/24/2025 11:02,10.48
1006,25.54,11/24/2025 11:02,10.48
1007,25.54,11/24/2025 11:03,10.48
1008,25.54,11/24/2025 11:03,10.48
1009,25.54,11/24/2025 11:03,10.48
1010,25.54,11/24/2025 11:03,10.48
1011,25.54,11/24/2025 11:04,10.48
1012,25.54,11/24/2025 11:04,10.48
1013,25.54,11/24/2025 11:04,10.48
1014,25.54,11/24/2025 11:04,10.48
1015,25.54,11/24/2025 11:05,10.48
1016,25.54,11/24/2025 11:05,10.48
1017,25.54,11/24/2025 11:05,10.48
1018,25.54,11/24/2025 11:05,10.48
1019,25.54,11/24/2025 11:06,10.48
1020,25.54,11/24/2025 11:06,10.48
1021,25.54,11/24/2025 11:06,10.48
1022,25.54,11/24/2025 11:06,10.48
1023,25.54,11/24/2025 11:07,10.48
1024,25.57,11/24/2025 11:07,10.45
1025,25.76,11/24/2025 11:07,10.29
1026,25.78,11/24/2025 11:07,10.27
1027,26.19,11/24/2025 11:08,9.92
1028,26.39,11/24/2025 11:08,9.75
1029,26.62,11/24/2025 11:08,9.55
1030,26.82,11/24/2025 11:08,9.38
1031,26.9,11/24/2025 11:09,9.31
1032,27.05,11/24/2025 11:09,9.18
1033,27.27,11/24/2025 11:09,9.00
1034,27.3,11/24/2025 11:09,8.97
1035,27.54,11/24/2025 11:10,8.76
1036,27.56,11/24/2025 11:10,8.75
1037,27.73,11/24/2025 11:10,8.60
1038,27.94,11/24/2025 11:10,8.42
1039,28.13,11/24/2025 11:11,8.26
1040,28.42,11/24/2025 11:11,8.01
1041,28.55,11/24/2025 11:11,7.90
1042,28.59,11/24/2025 11:11,7.86
1043,28.79,11/24/2025 11:12,7.69
1044,29.02,11/24/2025 11:12,7.50
1045,29.24,11/24/2025 11:12,7.31
1046,29.4,11/24/2025 11:12,7.17
1047,29.45,11/24/2025 11:13,7.13
1048,29.72,11/24/2025 11:13,6.90
1049,29.84,11/24/2025 11:13,6.79
1050,30.05,11/24/2025 11:13,6.61
1051,30.27,11/24/2025 11:14,6.43
1052,30.29,11/24/2025 11:14,6.41
1053,30.7,11/24/2025 11:14,6.06
1054,30.9,11/24/2025 11:14,5.89
1055,30.97,11/24/2025 11:15,5.83
1056,30.97,11/24/2025 11:15,5.83
1057,31.13,11/24/2025 11:15,5.69
1058,31.4,11/24/2025 11:15,5.46
1059,31.37,11/24/2025 11:16,5.48
1060,31.76,11/24/2025 11:16,5.15
1061,31.76,11/24/2025 11:16,5.15
1062,31.76,11/24/2025 11:16,5.15
1063,31.98,11/24/2025 11:17,4.96
1064,32.19,11/24/2025 11:17,4.78
1065,32.19,11/24/2025 11:17,4.78
1066,32.22,11/24/2025 11:17,4.76
1067,32.4,11/24/2025 11:18,4.60
1068,32.45,11/24/2025 11:18,4.56
1069,32.45,11/24/2025 11:18,4.56
1070,32.62,11/24/2025 11:18,4.41
1071,32.62,11/24/2025 11:19,4.41
1072,32.64,11/24/2025 11:19,4.40
1073,32.86,11/24/2025 11:19,4.21
1074,32.89,11/24/2025 11:19,4.18
1075,33.07,11/24/2025 11:20,4.03
1076,33.07,11/24/2025 11:20,4.03
1077,33.07,11/24/2025 11:20,4.03
1078,31.33,11/24/2025 11:20,5.52
1079,31.13,11/24/2025 11:21,5.69
1080,30.58,11/24/2025 11:21,6.16
1081,30.9,11/24/2025 11:21,5.89
1082,31.33,11/24/2025 11:21,5.52
1083,30.97,11/24/2025 11:22,5.83
1084,29.17,11/24/2025 11:22,7.37
1085,26.84,11/24/2025 11:22,9.83
1086,26.41,11/24/2025 11:22,9.73
1087,26.62,11/24/2025 11:23,9.55
1088,26.22,11/24/2025 11:23,9.89
1089,26.22,11/24/2025 11:23,9.89
1090,26.22,11/24/2025 11:23,9.89
1091,26.19,11/24/2025 11:24,9.92
1092,26.38,11/24/2025 11:24,9.76
1093,26.39,11/24/2025 11:24,9.75
1094,26.19,11/24/2025 11:24,9.92
1095,26.38,11/24/2025 11:25,9.76
1096,26.39,11/24/2025 11:25,9.75
1097,26.21,11/24/2025 11:25,9.90
1098,26.19,11/24/2025 11:25,9.92
1099,26.19,11/24/2025 11:26,9.92
1100,26.41,11/24/2025 11:26,9.73
1101,26.41,11/24/2025 11:26,9.73
1102,26.41,11/24/2025 11:26,9.73
1103,26.22,11/24/2025 11:27,9.89
1104,26.24,11/24/2025 11:27,9.88
1105,26.38,11/24/2025 11:27,9.76
1106,26.38,11/24/2025 11:27,9.76
1107,26.19,11/24/2025 11:28,9.92
1108,26.41,11/24/2025 11:28,9.73
1109,26.22,11/24/2025 11:28,9.89
1110,30.73,11/24/2025 11:28,6.19
1111,30.7,11/24/2025 11:29,6.06
1112,30.94,11/24/2025 11:29,5.86
1113,31.18,11/24/2025 11:29,5.65
1114,31.33,11/24/2025 11:29,5.52
1115,31.13,11/24/2025 11:30,5.69
1116,31.33,11/24/2025 11:30,5.52
1117,31.32,11/24/2025 11:30,5.53
1118,31.33,11/24/2025 11:30,5.52
1119,31.32,11/24/2025 11:31,5.53
1120,31.33,11/24/2025 11:31,5.52
1121,31.32,11/24/2025 11:31,5.53
1122,31.33,11/24/2025 11:31,5.52
1123,31.32,11/24/2025 11:32,5.53
1124,31.33,11/24/2025 11:32,5.52
1125,31.13,11/24/2025 11:32,5.69
1126,31.33,11/24/2025 11:32,5.52
1127,31.32,11/24/2025 11:33,5.53
1128,31.33,11/24/2025 11:33,5.52
1129,31.33,11/24/2025 11:33,5.52
1130,31.13,11/24/2025 11:33,5.69
1131,31.16,11/24/2025 11:34,5.67
1132,31.16,11/24/2025 11:34,5.67
1133,36.05,11/24/2025 11:34,2.16
1134,37.35,11/24/2025 11:35,0.37
1135,37.37,11/24/2025 11:35,0.35
1136,37.78,11/24/2025 11:35,0.00
1137,37.78,11/24/2025 11:36,0.00
1138,37.78,11/24/2025 11:36,0.00
1139,37.78,11/24/2025 11:36,0.00
1140,24.06,11/25/2025 9:00,11.75
1141,24.08,11/25/2025 9:00,11.73
1142,24.34,11/25/2025 9:00,11.51
1143,24.51,11/25/2025 9:00,11.36
1144,24.73,11/25/2025 9:01,11.18
1145,24.73,11/25/2025 9:01,11.18
1146,25.12,11/25/2025 9:01,10.84
1147,25.21,11/25/2025 9:01,10.76
1148,25.33,11/25/2025 9:02,10.66
1149,25.54,11/25/2025 9:02,10.48
1150,25.73,11/25/2025 9:02,10.32
1151,25.78,11/25/2025 9:02,10.28
1152,26.17,11/25/2025 9:03,9.94
1153,26.26,11/25/2025 9:03,9.86
1154,26.62,11/25/2025 9:03,9.56
1155,26.81,11/25/2025 9:03,9.39
1156,26.84,11/25/2025 9:03,9.37
1157,26.86,11/25/2025 9:04,9.35
1158,27.05,11/25/2025 9:04,9.19
1159,27.25,11/25/2025 9:04,9.02
1160,27.27,11/25/2025 9:04,9.00
1161,27.51,11/25/2025 9:05,8.79
1162,27.53,11/25/2025 9:05,8.78
1163,27.94,11/25/2025 9:05,8.43
1164,28.11,11/25/2025 9:05,8.28
1165,28.18,11/25/2025 9:06,8.22
1166,28.38,11/25/2025 9:06,8.05
1167,28.55,11/25/2025 9:06,7.90
1168,28.76,11/25/2025 9:06,7.72
1169,28.83,11/25/2025 9:07,7.66
1170,28.97,11/25/2025 9:07,7.54
1171,29.02,11/25/2025 9:07,7.50
1172,29.28,11/25/2025 9:07,7.28
1173,29.58,11/25/2025 9:08,7.02
1174,29.65,11/25/2025 9:08,6.96
1175,29.82,11/25/2025 9:08,6.82
1176,29.93,11/25/2025 9:08,6.72
1177,30.05,11/25/2025 9:09,6.62
1178,30.27,11/25/2025 9:09,6.43
1179,30.46,11/25/2025 9:09,6.27
1180,30.48,11/25/2025 9:09,6.25
1181,30.58,11/25/2025 9:10,6.17
1182,30.73,11/25/2025 9:10,6.04
1183,30.96,11/25/2025 9:10,5.84
1184,31.33,11/25/2025 9:10,5.52
1185,31.18,11/25/2025 9:11,5.65
1186,31.52,11/25/2025 9:11,5.36
1187,31.76,11/25/2025 9:11,5.16
1188,31.56,11/25/2025 9:11,5.33
1189,31.95,11/25/2025 9:12,4.99
1190,31.97,11/25/2025 9:12,4.98
1191,31.97,11/25/2025 9:12,4.98
1192,32.19,11/25/2025 9:12,4.79
1193,32.19,11/25/2025 9:13,4.79
1194,32.38,11/25/2025 9:13,4.62
1195,32.46,11/25/2025 9:13,4.56
1196,32.72,11/25/2025 9:13,4.33
1197,32.84,11/25/2025 9:14,4.23
1198,32.86,11/25/2025 9:14,4.21
1199,32.86,11/25/2025 9:14,4.21
1200,32.86,11/25/2025 9:14,4.21
1201,32.86,11/25/2025 9:15,4.21
,,,
,,,
,,,
